{"1018582335":{"description":"😐","blocked_words":[],"settings":{"lock_file":"no","lock_sticker":"yes","lock_photo":"no","lock_image":"yes","lock_link":"yes","lock_bot":"yes","lock_member":"no","lock_talk":"no","set_name":"تابع للعرض#1","lock_inviteme":"no","lock_name":"no"},"link":"https://telegram.me/joinchat/CYWT1jy2VT_qJ3MGZy9V-g","group_type":"channel","moderators":{"136293423":"XYXYX","113175218":"Rasoooo","130779002":"XlXIX","172508697":"SADAMY_IQ","63415448":"SHEX_ASO"},"rules":"\nزحف + تكفر + لطلطه \n+ تجاوز = تندفر 👞\nاحترم تحترم"},"1017774221":{"moderators":{"102772867":"Ak_49","39622805":"iq_3bood"},"group_type":"channel","blocked_words":[],"settings":{"lock_file":"no","lock_sticker":"no","lock_photo":"no","lock_image":"no","lock_link":"no","lock_bot":"yes","lock_member":"no","lock_talk":"no","set_name":"وُنـ♬ـآُسـ♪ـهِہ\u200f  تـ★ــ.ـايـ.ـمـ⍤ــے","lock_inviteme":"no","lock_name":"no"}},"1024458239":{"moderators":{"56714533":"www_aloosh_com"},"blocked_words":[],"link":"https://telegram.me/joinchat/CYWT1j0P_f-X14uTbtQftg","group_type":"channel","description":" علوش🌚❤️","settings":{"lock_file":"no","lock_sticker":"no","lock_photo":"no","lock_image":"no","lock_link":"no","lock_bot":"yes","lock_member":"no","lock_talk":"no","set_name":"تابع للعرض#3","lock_inviteme":"no","lock_name":"no"}},"109431289":{"moderators":[],"blocked_words":[],"link":"https://telegram.me/joinchat/CYWT1gaFyflWXnNd6bHhDA","group_type":"chat","settings":{"lock_file":"no","lock_sticker":"no","lock_photo":"no","lock_image":"no","lock_link":"no","lock_bot":"yes","lock_member":"no","lock_talk":"no","set_name":"5hY","lock_inviteme":"no","lock_name":"no"}},"106262300":{"moderators":[],"blocked_words":[],"link":"https://telegram.me/joinchat/CYWT1gZVbxwK9FMWY0gzWw","group_type":"chat","settings":{"lock_file":"no","lock_sticker":"no","lock_photo":"no","lock_image":"no","lock_link":"no","lock_bot":"yes","lock_member":"no","lock_talk":"no","set_name":"😠","lock_inviteme":"no","lock_name":"no"}},"1028285009":{"moderators":{"52069193":"Saif_saady","43108204":"S_R18","11414793":"azozobas","103146543":"Abdallah_Mohammad","130297524":"rahemo"},"blocked_words":[],"link":"https://telegram.me/joinchat/CYWT1j1KYlFKdWjFOq-p3A","group_type":"channel","settings":{"lock_file":"no","lock_sticker":"yes","lock_photo":"no","lock_image":"no","lock_link":"yes","lock_bot":"yes","lock_member":"no","lock_talk":"no","set_name":"مطي#1","lock_inviteme":"no","lock_name":"no"},"rules":"❌القوانين❌\n\n1_عدم التكلم بالطائفيه والسياسه 🚫\n\n2_ ممنوع العركات 😒 تريد تتعارك وتصير زلمه روح ع الخاص وضل طوبز هناك 😪\n\n3_تجاوز ولطلطه وتزحف : تندفر 🚫\n\n4_احترم تحترم ⛔\n\n5_تريد تضيف شخص انطي المعرف للادمن 🆔\n\n6_ الي يغادر ينحضر حتى لا اشوف خلقتو مره ثانيه 😹🔕\n\n7_ممنوع الزحف بل كروب 🚼🚫\n\n#تخالف_باند \n#الادمنز 🔰\n\n @rahemo \n @azozobas\n@Saif_saady\n@S_R18"},"76776743":{"moderators":[],"blocked_words":[],"link":"https://telegram.me/joinchat/CYWT1gSThScsxi7FRmq-aQ","group_type":"chat","settings":{"lock_file":"no","lock_sticker":"no","lock_photo":"no","lock_image":"no","lock_link":"no","lock_bot":"yes","lock_member":"no","lock_talk":"no","set_name":"Support Telegram Bot","lock_inviteme":"no","lock_name":"no"}},"admins":{"18628238":"Um_yzn"},"1006007266":{"description":"كروب ولد وبنات 👫👫 ضحك وشقى وونسة وتحشيش ❤️ منورين","blocked_words":{"التنيج":true,"الكحبة":true,"sexy":true,"كسي":true,"عيرك":true,"انيجكم":true,"كحبة":true,"كس":true,"عير":true,"انيجك":true},"settings":{"lock_file":"no","lock_sticker":"no","lock_photo":"no","lock_image":"yes","lock_link":"yes","lock_bot":"yes","lock_member":"no","lock_talk":"no","set_name":"Support Flux#1","lock_inviteme":"no","lock_name":"no"},"link":"https://telegram.me/joinchat/CYWT1jv2c-J363j3s3_BLg","group_type":"channel","moderators":{"52673525":"hamada_1010","165456451":"M_1_M"},"rules":"ما اطولها عليكم مثل باقي الكروبات بس اكول ✋🏼 ( إحتَرِم تُحتَرم) ⚠️ بكل شي..ومنورين ."},"1011388456":{"moderators":{"52069193":"Saif_saady","172781248":"Ali_ozil","21179827":"Wilshere"},"blocked_words":{"تبادل":true,"help":true},"group_type":"channel","settings":{"lock_file":"no","lock_sticker":"yes","lock_photo":"no","lock_image":"no","lock_link":"yes","lock_bot":"yes","lock_member":"no","lock_talk":"no","set_name":"Telegram Bot#1","lock_inviteme":"no","lock_name":"no"},"rules":"مجموعه شامله للاجابه عن اسالتك حول\nالتيليجرام ✅\nواجدد اعمالنا \n\n❄لطفا التزم بالقوانين\nالقناه :-\n@DevArab"},"109604421":{"moderators":[],"blocked_words":[],"link":"https://telegram.me/joinchat/CYWT1gaIbkWFzQMjgqkvBw","group_type":"chat","settings":{"lock_file":"no","lock_sticker":"no","lock_photo":"no","lock_image":"no","lock_link":"no","lock_bot":"yes","lock_member":"no","lock_talk":"no","set_name":"😱","lock_inviteme":"no","lock_name":"no"}},"1029231582":{"moderators":{"157577271":"king_i","141884472":"Keke23","64844181":"Saifo_455","157450650":"u_u_o","179800849":"غہريہبہہ فے بہلہديہ ےے","47809394":"باي تلي✋ فديتكم ضلوعي"},"blocked_words":[],"link":"https://telegram.me/joinchat/CYWT1j1Y0972K2c-XlUSjw","group_type":"channel","settings":{"lock_file":"yes","lock_sticker":"yes","lock_photo":"no","lock_image":"yes","lock_link":"yes","lock_bot":"yes","lock_member":"no","lock_talk":"no","set_name":"😝#1","lock_inviteme":"no","lock_name":"no"},"rules":"القوانين 🖐\n\n\n\n朣楢琴执㝧执😱瑩浻牡楧㩮㔱硰执㝧执獧浻牡楧敬瑦瀰絸朣杢㑳执獧扻捡杫潲湵潣潬㩲昣昸昸㬸慢正牧畯摮椭慭敧敷止瑩札慲楤湥楬敮牡氬晥⁴潴敬瑦戠瑯潴牦浯㡦㡦㡦潴捥捥捥戻捡杫潲湵浩条㩥眭扥楫楬敮牡札慲楤湥潴昣昸昸攣散散戻捡......杫潲湵浩条㩥洭穯氭湩慥牧摡敩瑮琨灯㡦㡦㡦捥捥捥㬩慢正牧畯摮椭慭敧獭氭湩慥牧摡敩瑮琨灯㡦㡦㡦捥捥捥㬩慢正牧畯摮椭慭敧楬敮牡札慲楤湥潴昣昸昸攣散散戻捡杫潲湵浩条㩥楬敮牡札慲楤湥潴昣昸昸攣散散汩整㩲牰杯💣摩䐺䥘慭敧牔湡晳牯楍牣獯景牧摡敩瑮猨慴瑲潃潬卲牴昣昸昸䔬摮潃潬卲牴攣散散㬩潢摲牥硰猠汯摩⌠㙣㙣㙣搻獩汰祡戺潬正潭潢摲牥爭摡畩㩳瀲㭸漭戭牯敤慲楤獵㈺硰敷止瑩🔫🔫戭牯敤慲楤獵㈺硰戻牯敤慲楤獵㈺硰执獧搴摻獩汰祡戺潬正瀻獯瑩潩㩮敲慬楴敶执獧搴筮楤灳慬㩹湩楬敮戭潬正漻敶晲潬\n浩条㩥眭扥楫楬敮牡札慲楤湥潴昣昸昸攣散散戻捡杫潲湵浩条㩥洭穯氭湩慥牧摡敩瑮琨灯😔㡦㡦㡦捥捥捥㬩慢正牧畯摮椭慭敧獭氭湩慥牧摡敩瑮琨灯㡦㡦㡦捥捥捥㬩慢正牧畯摮椭慭敧楬敮牡札慲楤湥潴昣昸昸攣散散戻捡杫潲湵浩条㩥楬敮牡札慲楤湥潴昣昸昸攣散散汩整㩲牰杯摩䐺䥘慭敧牔湡晳牯楍牣獯景牧摡敩瑮猨慴瑲潃潬卲牴昣昸昸䔬摮潃潬卲牴攣散散😡😠潢摲牥硰猠汯摩⌠㙣㙣㙣搻獩汰祡戺潬正潭潢摲牥爭摡畩㩳瀲㭸漭戭牯敤慲楤獵㈺硰敷止瑩戭牯敤慲😭楤獵㈺硰戻浩条㩥眭扥楫楬敮牡札慲楤湥潴昣昸昸攣散散戻捡杫潲湵浩条㩥洭穯氭湩慥牧摡敩瑮琨灯㡦㡦㡦捥捥捥㬩慢正牧畯摮椭慭敧獭氭湩慥牧摡敩😰😥瑮琨灯㡦㡦㡦捥捥捥㬩慢正牧畯摮椭慭敧楬敮牡札慲楤湥潴昣昸昸攣散散戻捡杫潲湵浩条㩥楬敮牡札慲楤湥潴昣昸昸攣散散汩整㩲牰杯摩䐺䥘慭敧牔湡晳😳牯楍牣獯景牧摡敩瑮猨慴瑲潃潬卲牴昣昸昸䔬摮潃潬卲牴攣散散㬩潢摲牥硰猠汯摩⌠㙣㙣㙣搻獩汰祡戺潬正潭潢摲牥爭摡畩㩳瀲㭸漭戭牯敤慲楤獵㈺硰敷止瑩戭牯敤慲楤獵㈺硰戻\\Z/ \\Z/ \\Z/ \nاقرو القوانين زين \n\n  汦睯攺灩楳"},"1017506937":{"moderators":{"48336144":"Alosh_1","179704425":"ytytytu","147178270":"Q1_1X","154071253":"xXxAMo0oT_3LeeKxXx"},"blocked_words":[],"group_type":"channel","settings":{"lock_file":"no","lock_sticker":"yes","lock_photo":"no","lock_image":"no","lock_link":"no","lock_bot":"yes","lock_member":"no","lock_talk":"no","set_name":"💥IQ 56|| عـراقـيـيـن ٥٦💥","lock_inviteme":"no","lock_name":"no"},"rules":"💥IQ_56|| عـراقـيـيـن ٥٦💥\n\n•احترم تحترم متحترم بلقندره👞\n\n•اقل تجاوز او كلام🔞👈🚪👞\n😀\n•ممنوع نشر روابط\n\nمنـورين✌💝\nالـ⛄️ـادمـ💎ـن\n💎عــبدالـلـة آل عگيلي ||ABODE💎"},"1015319591":{"moderators":{"90018551":"military","165576390":"iq_x94"},"blocked_words":[],"link":"https://telegram.me/joinchat/CYWT1jyEjCec_fsDqEjKOQ","group_type":"channel","description":"\u200c\u200c✅Commands to lock|unlock\n💭/close|open link\n💭/close|open member\n💭/close|open name\n💭/close|open bot\n💭/close|open photo\n💭/close|open sticker\n💭/close|open file \n💭/close|open audio\n💭/close|open chat\n💭/silent|unsilent :- on one member by <id|reply|username>\n💭/close|open join :- open or close can member join group by <id-group> \n\n➕\n✅Commands for control member\n💭/kick : by <reply|id|username>\n💭/ban : by <reply|id|username>\n💭/unban : by <reply|id|username>\n💭/kickme\n\n➕\n✅Group control \n💭/rules\n💭/setrules <write rules>\n💭/about\n💭/setabout <write about>\n💭/setphoto : then send photo\n💭/setname <write name>\n💭/id\n💭/id chat\n💭/group settings \n💭/getlink : send link in your pv\n💭/relink <idchat> : change link group and send new link your pv\n💭/modlist\n💭/help\n\n➕\n✅ Group Promote  commands\n💭/spromote : up leader by <reply|id|username> \n💭/sdemote : in promote by <reply|id|username>\n💭/promote : by <reply|id|username> \n💭/demote : by <reply|id|username>\n______ \nهذه اوامر نسخه تجريبيه\nVersion :- 1.5  \nوجميعها تعمل في خاص البوت \n\nوبعد ايام يتم عمل \nUpdate للنسخه لتصبح 2.0","settings":{"lock_file":"no","lock_sticker":"no","lock_photo":"no","lock_image":"no","lock_link":"yes","lock_bot":"yes","lock_member":"no","lock_talk":"no","set_name":"😠#1","lock_inviteme":"no","lock_name":"no"}},"1029149202":{"moderators":{"178996935":"bebe_fofo","166237582":"faten_fofa","161893754":"Omar_Real","175114893":"Xxx_kaser1_xxX"},"blocked_words":[],"link":"https://telegram.me/joinchat/CYWT1j1XkhJOmfZLTapdgw","group_type":"channel","description":"كروب جبار فيكه وحسين حركه انظمو انظمو 🌚😂","settings":{"lock_file":"no","lock_sticker":"no","lock_photo":"no","lock_image":"no","lock_link":"yes","lock_bot":"yes","lock_member":"no","lock_talk":"no","set_name":"تابع للعرض#1","lock_inviteme":"no","lock_name":"no"}},"1014380248":{"description":" 1_ممنوع الزحف بكافة انواعه🌝✋\n\n2_تريد تضيف اشمر معرف للادمن😻\n\n3_شقة بحدود /تجاوز تنطرد😊\n\n4_احترم تحترم 😼\n#الادمنـــيه   \n@mustafa302\n@roraya_95\n@hussin_93","blocked_words":[],"settings":{"lock_file":"no","lock_sticker":"no","lock_photo":"no","lock_image":"no","lock_link":"yes","lock_bot":"yes","lock_member":"no","lock_talk":"no","set_name":"🍃لّمتـنـًََِِّـهـ פـٍّﮩـٍّــــــﮩٍّﻠﯟو°•❥","lock_inviteme":"no","lock_name":"no"},"link":"https://telegram.me/joinchat/CYWT1jx2NthkF-c30sm_Pg","group_type":"channel","moderators":{"66408650":"Roraya_95","137611725":"hussin_93","75556471":"Mustafa302"},"rules":"🍃لّمتـنـًََِِّـهـ פـٍّﮩـٍّــــــﮩٍّﻠﯟو°•❥\n\nقوانين المجموعة: \n\n1⃣ممنوع التكلم بالسياسة و الطائفية داخل المجموعة ❌\n2⃣ممنوع نشر الروابط بكل انواعها ❌\n3⃣ممنوع التبادل و الاعلان داخل المجموعة ❌\n4⃣ممنوع التجاوز على الاعضاء حتى لو كان بحجة المزاح❌\n5⃣ممنوع مضايقة البنات و الدخول للدردشة الخاصة بغير رضاتهن ❌\n6⃣ممنوع اضافة الاعضاء الا بموافقة الادارة ❌\n7⃣ممنوع الحديث بموضوع خاص داخل المجموعة ❌\n8⃣ممنوع الحديث و ارسال الصور و الفديو الاباحي 🔞 \n9⃣اذا خالفت احد القوانين تاكل باند معدل بطعم الفلفل حار ✅\n\n💟عامل الناس كما تحب ان تتعامل💟\n💟احترم من حولك تجد الاحترام منمن حولك💟\n➖➖➖➖➖➖➖➖➖➖\n🔵الأدارة🔵\n\n✳️ ﴿†هـــكـارد†﴾\n\n✳️ ۩أمْ (😒)اللﮩஓﮩول۩✋\n\n✳️ حـ✆ـســ➷ـيــن✞ الشمـ௮ﮩٍّري"},"73990145":{"moderators":[],"group_type":"chat","blocked_words":[],"settings":{"lock_file":"no","lock_sticker":"no","lock_photo":"no","lock_image":"no","lock_link":"no","lock_bot":"yes","lock_member":"no","lock_talk":"no","set_name":"Test","lock_inviteme":"no","lock_name":"no"}},"1023585634":{"description":"\n🎈 ¦¦†﴾MAFIA IRAQ﴿†¦¦🍃💕\n\n  كروب سوالف 🌝❤️\n\nروابط كروبات ممنوع🚫\n\nتريد تضيف اشمر معرف والادمن يضيف\n________________________________\n \nThe leader of group !!\n@Razeriq\n@iq_abood","blocked_words":[],"settings":{"lock_file":"no","lock_sticker":"yes","lock_photo":"no","lock_image":"no","lock_link":"yes","lock_bot":"yes","lock_member":"no","lock_talk":"no","set_name":"وناسه تايم*new#1","lock_inviteme":"yes","lock_name":"no"},"link":"https://telegram.me/joinchat/CYWT1j0CrWLuHFBb_aWfqA","group_type":"channel","moderators":{"143867205":"Razeriq","62340589":"IQ_DZ","99311693":"zona_r","102772867":"Ak_49","135949523":"xx_rosh","39622805":"iq_3bood"},"rules":"وُنـ♬ـآُسـ♪ـهِہ\u200f  تـ★ــ.ـايـ.ـمـ⍤ــے\n1⃣عدم السب و الشتم😂\n2⃣الاحترام المتبادل بين الاعضاء❤️\n3⃣اي عركة ينطردون المتعاركين🚫❗️\n4⃣عدم اضافة اي بوتات الى الكروب🉑\n5⃣اذا تريد تضيف دز المعرف للادمنية يضيفوا🔓\n5⃣جماعه التفليش مكانكم مو هنا \n6⃣عدم نشر اي صور إباحية🔞احتراما لوجود البنات داخل الكروب💋\n7⃣تشاقه وي التعرفهم بس \n8⃣عدم الزحف داخل الكروب☺️🖕🏻\n9⃣الخروج عن طريق /kickme 💟\n🔟عدم الزحف🚼الى اي شخص بالكروب🐊\n\nاهلا بكم في :وناسه تايم ⚓️\n\n\n\nالادمنية🌝❤️:@Razeriq\n @iq_abood \n@Ak_49 \n@IQ_DZ \n@zona_r \n@xx_rosh \n\n/kickme   للخروج من الكروب\n                   Welcome all"},"103434892":{"moderators":{"137093772":"alzaaim1","129343575":"Noor_Noor134"},"blocked_words":[],"group_type":"chat","settings":{"lock_file":"no","lock_sticker":"no","lock_photo":"no","lock_image":"no","lock_link":"yes","lock_bot":"yes","lock_member":"no","lock_talk":"no","set_name":"كروب دعم البوتات والقنوات العراقيه","lock_inviteme":"no","lock_name":"no"},"rules":"اھّ👋ـلآ وسھ💞ـلآ\n \n           فـٰٖٓي كـ🚻ـرووبْ — 👇\n گّرـؤبٓ دعـ👾ـم إلقنّوٰاتٓ ـوآلبٍوتٰاتٓ الٰٖعرّآقٰٖيةٰ\n\nالقوانين /_/' ⌛🔱⏳\n\n✌🌝\n\n1~ كروب خاص في التبادل ممنوع السوالف❌💔\n\n2~ ممنوع نشر الروابط 😴👋❌\n\n3~ تزحف ع بنات = ban وبـ👟❌\n\n4~ تريد تحاول تفلش لتحاول كروب مؤمن 😴👋 ✔\n\n5~ كروب تابع يعني اذا فلشت ينشك👅👊⭕\n\n6~ تريد تضيف شخص اتواصل ويا الادمنز 🔱👇⭕\n\n7~ طبعآ التدخين صحي 🌝🚬 ✔\n\n8~ تطلع من الكروب = ban وبـ👟\n\n8~ الكروب للتبادل غير شي ممنوع❌\n\n                   💱💲🔫💊🔫💲💱\n\nٰ\nإلمـدٍيـرر 👔              @alzaaim1\n                           @alzaaim1\n\n             نـٰٖٓـورـتٍـ👯...ــوـؤ 💋"},"1014955208":{"moderators":{"177606045":"A_L_D"},"group_type":"channel","blocked_words":[],"settings":{"lock_file":"no","lock_sticker":"no","lock_photo":"no","lock_image":"no","lock_link":"no","lock_bot":"yes","lock_member":"no","lock_talk":"no","set_name":"تابع العرض#1","lock_inviteme":"no","lock_name":"no"}},"1016003228":{"description":"مجموعه دعم الرسميه 🌟\nالرقم رسمي للحصول على مجموعه \n07831123044 \n_\n07728668998\n_\nلمعرفه المزيد \n@devArab\nسعر مجموعه\n-5$","blocked_words":{"تفليش":true,"اكفر":true,"لتكفرني":true,"سكس":true,"fuck":true,"تبادل":true},"settings":{"lock_file":"yes","lock_sticker":"yes","lock_photo":"no","lock_image":"yes","lock_link":"yes","lock_bot":"yes","lock_member":"no","lock_talk":"no","set_name":"Support Telegram Bot#1","lock_inviteme":"no","lock_name":"no"},"link":"https://telegram.me/joinchat/CYWT1jyO-pzTWIp3tn2J-A","group_type":"channel","moderators":{"52069193":"Saif_saady","172781248":"Ali_ozil","118682430":"creed_is_dead","21179827":"⠀"},"rules":"\" \n\n-مجموعه دعم بوت تيليجرام بوت رسمي🔹\n\n-لا تخرج عن موضوع واطلب مساعده داخل مجموعه حول بوت فقط ▫️\n\nمجموعات خارقه (1k) وعاديه (200) حسب الطلب 🀄️\n\n-اصبح سعر مجموعه (5$) يدفع مره واحده فقط ✋🍃 بدون تجديد ✴\n_______ \n@DevArab"},"1014522971":{"description":"\n➤ أهلآ بك ➣  \n👌القوانين ‼\n❌ممنوع اضافة ➲ الاشخاص إلا بموافقة الادمنية🔱واصلاً متكدر تضيف .\n❌عدم التطرق الى المواضيع السياسيه والطائفية .\n❌عدم التجاوز على الاعضاء .\n❌عدم اللطلطه🐸 والزحف🐊 . 👊\n❌عدم نشر وتكرار صور وملصقات اباحيه .\n❌عدم تغيير صورة او اسم الگروب .\n❌ممنوع نشر روابط أو دخول خاص للاعضاء وازعاجهم بالاخص البنات .\nتنوي تخرب أو تفلش الكروب 🔴كما تدين تدان🔴🔃. \n\n✿كن محترماً نكون ارقى بوجودك ❀ .\n☻ لسنا الوحيدين لكننا الأجمل ☻ .\nاي مخالفة للقوانين (طرد) + (باند) .\nادراة الكروب . \nadmins ✪ 🔚\nسوي شي غلط🚫 وراح تعرفهم ❂ .😉","blocked_words":[],"rules":"\n➤ أهلآ بك ➣  \n👌القوانين ‼\n❌ممنوع اضافة ➲ الاشخاص إلا بموافقة الادمنية🔱واصلاً متكدر تضيف .\n❌عدم التطرق الى المواضيع السياسيه والطائفية .\n❌عدم التجاوز على الاعضاء .\n❌عدم اللطلطه🐸 والزحف🐊 . 👊\n❌عدم نشر وتكرار صور وملصقات اباحيه .\n❌عدم تغيير صورة او اسم الگروب .\n❌ممنوع نشر روابط أو دخول خاص للاعضاء وازعاجهم بالاخص البنات .\nتنوي تخرب أو تفلش الكروب 🔴كما تدين تدان🔴🔃. \n\n✿كن محترماً نكون ارقى بوجودك ❀ .\n☻ لسنا الوحيدين لكننا الأجمل ☻ .\nاي مخالفة للقوانين (طرد) + (باند) .\nادراة الكروب . \nadmins ✪ 🔚\nسوي شي غلط🚫 وراح تعرفهم ❂ .😉","link":"https://telegram.me/joinchat/CYWT1jx4ZFtJeV6OotaroA","group_type":"channel","moderators":{"37190286":"hsoonyking97","140524730":"memo_wm"},"settings":{"lock_file":"no","lock_sticker":"no","lock_photo":"no","lock_image":"no","lock_link":"yes","lock_bot":"yes","lock_member":"no","lock_talk":"no","set_name":"تابع للعرض#5","lock_inviteme":"no","lock_name":"no"}},"1003559980":{"moderators":{"52069193":"Saif_saady","113228944":"tgeek","8071048":"Error2","21179827":"⠀"},"group_type":"channel","blocked_words":[],"settings":{"lock_file":"no","lock_sticker":"yes","lock_photo":"no","lock_image":"no","lock_link":"yes","lock_bot":"yes","lock_member":"no","lock_talk":"no","set_name":"تجمع مبرمجين العرب ARB","lock_inviteme":"no","lock_name":"no"}},"1018245551":{"moderators":{"52069193":"Examing","138660730":"ssemoo","135546910":"Max_HP94","161839735":"X_A_A"},"blocked_words":[],"link":"https://telegram.me/joinchat/CYWT1jyxMa9Vsq1yQD9oWw","group_type":"channel","settings":{"lock_file":"no","lock_sticker":"no","lock_photo":"no","lock_image":"no","lock_link":"no","lock_bot":"yes","lock_member":"no","lock_talk":"no","set_name":"🎃چہيہہڜ👑⚡ Ŧ F Ŧ⚡🎃","lock_inviteme":"no","lock_name":"no"}},"1012882060":{"moderators":{"52568905":"aljooker"},"blocked_words":[],"link":"https://telegram.me/joinchat/CYWT1jxfWozlz7yYEaJ5mQ","group_type":"channel","settings":{"lock_file":"no","lock_sticker":"yes","lock_photo":"no","lock_image":"no","lock_link":"no","lock_bot":"yes","lock_member":"no","lock_talk":"no","set_name":"تابع للعرض#3","lock_inviteme":"no","lock_name":"no"},"rules":"مرحــبــاً بــك فــي الــمــجـــمــوعة ارجــو الالتزام باقوانين حتئ لايتم حظرك\n\n❶عند نــشـــر اعلان تبادل لقناتك ارجو ترتيب الاعلان\n\n❷عند نشر الاعلان ارجو ذكر عدد اعضا۽ القناة و العدد المقبول للتبادل\n\n❸ انشر معرفك الخاص مثال للمعرف⇦  @aljooker \n\n❹عدم نشر الروابط في المجموعة\n\n❺عدم التحدث في المجموعة فقط انشر اعلانك\n\n❻عدم ارسال الملصقات في المجموعة\n\n\nلمراسلة مدير المجموعة ⇦ @aljooker"},"1010203355":{"moderators":{"139879178":"RAUOO1","176403052":"CMDBO"},"blocked_words":[],"link":"https://telegram.me/joinchat/CYWT1jw2etvLecxPEclX2A","group_type":"channel","rules":".\n💈مہۣۙشہۣۙاهہۣۙيۣۙر تہۣۙاۣۙيــٍّم💈\n\nقوانين الكروب 🌝👇🏻\n1_ احترم = تحترم🎩\n2_تخالف = تنطرد 🚪👞\n3_تزحف = تره ما راح تكلك انته فارس احلامي✋🏻\n4_كـ🔞ـلام ما نريد🌝☝️\nتخالف هاي القـوانين👀☝️تنطرد خليك ثكيل🚶\n\nالاداره↙️\n@RAUOO1","settings":{"lock_file":"no","lock_sticker":"no","lock_photo":"no","lock_image":"no","lock_link":"no","lock_bot":"yes","lock_member":"no","lock_talk":"no","set_name":"تابع للعرض#1","lock_inviteme":"no","lock_name":"no"}},"1013184919":{"moderators":{"72830769":"miss_totaia01","100710094":"Al_haliy","108392765":"haider_alani","156253501":"pdpd2","54430971":"Bes_bes","79501301":"Alimaz","122133508":"AMH_7"},"blocked_words":[],"link":"https://telegram.me/joinchat/CYWT1jxj-ZeWVZPvsBHklA","group_type":"channel","settings":{"lock_file":"no","lock_sticker":"yes","lock_photo":"no","lock_image":"no","lock_link":"no","lock_bot":"yes","lock_member":"no","lock_talk":"no","set_name":"Haider#1","lock_inviteme":"no","lock_name":"no"},"rules":"<  rules:> كےـوُكےـآآ🍷 كےـوُل🍻َآآ\n\n< You are in> group ' `\n❤️ مرحبا ❤️\nRules :\n\n❌القوانين❌\n\n1_عدم التكلم بالطائفيه 🚫\n\n2_ ممنوع العركات 😒 تريد تتعارك وتصير زلمه روح ع الخاص 👌🔰..\n\n3_تجاوز ولطلطه وتزحف : تندفر 🚫 تريد تكبل/ين وتسوي مح وامواح تعال ع الادمنز يزوجوكم 🙊\n\n4_ حبشكلات مال ورا 🔞 + عوفها 😹💔\n\n5_احترم تحترم ⛔\n\n6_تريد تضيف شخص انطي المعرف للادمن 🆔\n\n7- دكول منو ضافني تنطرد ماحاجه هل تفيك يعجبك ابقى مايعجبك ولي 🚫🏃\n\n8_ الي يغادر ينحضر حتى لا اشوف خلقتو مره ثانيه 😹🔕\n\n#تخالف_باند\nتطلع من الكرؤب 👇\n                             bye"},"1019485837":{"moderators":{"79407352":"kimohyunjoong","135546910":"Max_HP94","151621353":"X_izo_x","56350754":"naekw","110036771":"C4_98"},"blocked_words":[],"link":"https://telegram.me/joinchat/CYWT1jzEHo3SGPoOVeyhzA","group_type":"channel","settings":{"lock_file":"no","lock_sticker":"no","lock_photo":"no","lock_image":"no","lock_link":"no","lock_bot":"yes","lock_member":"no","lock_talk":"no","set_name":"ايان#1","lock_inviteme":"no","lock_name":"no"}},"1009134491":{"moderators":{"162230313":"SMF56","178159688":"HackeD_o","105840558":"VIq_KLAY"},"group_type":"channel","blocked_words":[],"settings":{"lock_file":"no","lock_sticker":"no","lock_photo":"no","lock_image":"no","lock_member":"no","lock_bot":"yes","lock_link":"no","lock_talk":"yes","set_name":"نہٰؤتيہٰلأإآ |🍫| Ñųťêłłã ❥☻","lock_inviteme":"no","lock_name":"no"}},"73970144":{"moderators":[],"group_type":"chat","blocked_words":[],"settings":{"lock_file":"no","lock_sticker":"no","lock_photo":"no","lock_image":"no","lock_link":"no","lock_bot":"yes","lock_member":"no","lock_talk":"no","set_name":"BotDebug REG","lock_inviteme":"no","lock_name":"no"}},"101322514":{"moderators":[],"blocked_words":[],"link":"https://telegram.me/joinchat/CYWT1gYKDxLgRmdkO6mITw","group_type":"chat","settings":{"lock_file":"no","lock_sticker":"no","lock_photo":"no","lock_image":"no","lock_link":"no","lock_bot":"yes","lock_member":"no","lock_talk":"no","set_name":"تابع للعرض","lock_inviteme":"no","lock_name":"no"}},"1023966093":{"moderators":{"162245058":"S_155","79589348":"V_S_V_55"},"blocked_words":[],"link":"https://telegram.me/joinchat/CYWT1j0Ie434rLRYdC8Jvw","group_type":"channel","settings":{"lock_file":"no","lock_sticker":"no","lock_photo":"no","lock_image":"no","lock_link":"no","lock_bot":"yes","lock_member":"no","lock_talk":"no","set_name":"➗#1","lock_inviteme":"no","lock_name":"no"},"rules":"\u200c\u200c\u200c\u200c\u200c\n\n\u200cالكروب تابع ل V.I.P. ///T.I.Q \n\n\nRules :\n❌القوانين❌\n\n1_عدم التكلم بالطائفيه 🚫\n\n2_ ممنوع العركات 😒 تريد تتعارك وتصير زلمه روح ع الخاص وضل طوبز هناك 😪\n\n3_تجاوز ولطلطه وتزحف : تندفر 🚫 تريد تكبل/ين وتسوي مح وامواح تعال ع الادمنز يزوجوكم 🙊\n\n4_ حبشكلات مال ورا 🔞 + عوفها 😹💔\n\n5_احترم تحترم ⛔\n\n6_تريد تضيف شخص انطي المعرف للادمن 🆔\n\n7- دكول منو ضافني تنطرد ماحاجه هل تفيك يعجبك ابقى مايعجبك ولي 🚫🏃\n\n8_ الي يغادر ينحضر حتى لا اشوف خلقتو مره ثانيه 😹🔕\n\n9_احبج اي انتي احبج 😍\n\n10_ممنوع الزحف بل كروب \n\n11_مراقبين موجودين بل كروب \n\n12_ممنوع احد يلعب بالاوامر غير الادمنيه🌝👌\n\n#تخالف_باند \n#الادمنز 🔰\n\n @S_L_A_S_H_A_R\n\n اهلا بلعضو الجديد < )"},"1028347591":{"moderators":{"135546910":"Max_HP94"},"group_type":"channel","blocked_words":[],"settings":{"lock_file":"no","lock_sticker":"no","lock_photo":"no","lock_image":"no","lock_link":"no","lock_bot":"yes","lock_member":"no","lock_talk":"no","set_name":"يتبلبل علية واني من بلبولا","lock_inviteme":"no","lock_name":"no"}},"1018613387":{"moderators":{"55621839":"Bekatso"},"group_type":"channel","blocked_words":{"سكس":true},"settings":{"lock_file":"no","lock_sticker":"no","lock_photo":"no","lock_image":"no","lock_link":"no","lock_bot":"yes","lock_member":"no","lock_talk":"no","set_name":"Gop","lock_inviteme":"no","lock_name":"no"}},"1027985889":{"moderators":{"157454051":"njrnjr"},"group_type":"channel","blocked_words":[],"settings":{"lock_file":"no","lock_sticker":"no","lock_photo":"no","lock_image":"no","lock_link":"no","lock_bot":"yes","lock_member":"no","lock_talk":"no","set_name":"تابع للعرض#3","lock_inviteme":"no","lock_name":"no"}},"1013213860":{"moderators":{"52126401":"Hitler_9","135546910":"Max_HP94"},"blocked_words":[],"group_type":"channel","settings":{"lock_file":"yes","lock_sticker":"no","lock_photo":"no","lock_image":"yes","lock_link":"yes","lock_bot":"yes","lock_member":"no","lock_talk":"no","set_name":"Ħϊ†Ŀèя TV لتبادل القنوات","lock_inviteme":"no","lock_name":"no"},"rules":".\nٖ\n\n🔹اهلآ وسهلآ نورتو الكروب 🔹\n\n🔹تنشر رابط قناة او بوت // تكرر = تطرد 🔹\n \n❋┇الإدارةة  ❥ ↶\n ♔↝ @Hitler_9"},"1023198876":{"moderators":{"32646885":"sajad_altaie"},"group_type":"channel","blocked_words":[],"settings":{"lock_file":"no","lock_sticker":"no","lock_photo":"no","lock_image":"no","lock_link":"no","lock_bot":"yes","lock_member":"no","lock_talk":"no","set_name":"😱#1","lock_inviteme":"no","lock_name":"no"}},"76098668":{"moderators":[],"blocked_words":[],"link":"https://telegram.me/joinchat/CYWT1gSJLGz4XsoXAGGZmw","group_type":"chat","settings":{"lock_file":"no","lock_sticker":"no","lock_photo":"no","lock_image":"no","lock_link":"no","lock_bot":"yes","lock_member":"no","lock_talk":"no","set_name":"😝","lock_inviteme":"no","lock_name":"no"}},"1016404258":{"moderators":{"141391539":"alnazexr","161893754":"Omar_Real","148007676":"X_A_A","102041584":"AASAASS","52126401":"Hitler_9","121413761":"F_i_p","49892146":"max107","150441439":"alnazexr","135546910":"Max_HP94"},"blocked_words":{"هلاك":true},"group_type":"channel","settings":{"lock_file":"yes","lock_sticker":"yes","lock_photo":"no","lock_image":"yes","lock_link":"no","lock_bot":"yes","lock_member":"no","lock_talk":"no","set_name":"T̨̐.Į̐.Q ̨̐ ♚چہيہہڜ","lock_inviteme":"no","lock_name":"no"},"rules":"\n\nجيش ☠||₮.ł.Q||☠ \n\n🌝☝️ ماكثر ب كلام جيش بس تابعو👇\n\n1⃣ب فتره الأخير تم تصفيةه جيش😴🤘\n\n2⃣بس ضلوع ثقه نضيفهم يعني خوه🚶🤕\n\n3⃣ونسةه تايمه 👏🌞 ركز بس ثقه🚶\nعوفنه من شهره لأن مو بحال شهره🤘🐸\n\n4⃣تفليش توقف ماعدنه تفليش فتهمت😯👌 \n\n5⃣بس الي يندك بينه نيج امه👑😎 \n\n6⃣كل يوم آصفي جيش 😕🔥 خليكم ثكال \n تره بس ثقه الي ميحترم طرد🤘🌞\nالي يبعنه الله محمد وعلي ويه \n\nخلينا دايما للأبد خواتنه ☝️🌝 \nوذكر تره بس ثقه نضيفهم \n\nالمؤسس\n@max_hp94 😯☝️\n\nالادمنيةه \n@X_A_A \n@F_i_p \n@AASAASS \n@Danger_ba \n@AASAASS"},"1014581849":{"moderators":{"56759283":"www_17_com","104531593":"TOFY_MJ","77708053":"Moh_mj","112335236":"franshsko","156095049":"alim16"},"blocked_words":[],"link":"https://telegram.me/joinchat/CYWT1jx5SllnWTDMIYxCZw","group_type":"channel","settings":{"lock_file":"no","lock_sticker":"no","lock_photo":"no","lock_image":"no","lock_link":"no","lock_bot":"yes","lock_member":"no","lock_talk":"no","set_name":"تابع للعرض#2","lock_inviteme":"no","lock_name":"no"},"rules":"."},"1026650247":{"moderators":[],"group_type":"channel","blocked_words":[],"settings":{"lock_file":"no","lock_sticker":"no","lock_photo":"no","lock_image":"no","lock_link":"no","lock_bot":"yes","lock_member":"no","lock_talk":"no","set_name":"Work (\")","lock_inviteme":"no","lock_name":"no"}},"1014673909":{"description":"This is supergroup","blocked_words":[],"group_type":"channel","moderators":{"171604508":"Mustafaflux"},"settings":{"lock_file":"no","lock_sticker":"yes","lock_photo":"no","lock_image":"yes","lock_link":"yes","lock_bot":"yes","lock_member":"no","lock_talk":"no","set_name":"Test 1","lock_inviteme":"no","lock_name":"no"}},"1010689931":{"description":"This is developer advice simple laws ask for what you want & speak English only","blocked_words":{"کص ننت":true,"ب":true,"ت":true,"ن":true,"Mother fucker":true,"ش":true,"ض":true,"خ":true,"ج":true,"کس ننت":true,"fuck you":true,"ا":true,"غ":true,"ق":true,"kir":true,"khar":true,"ث":true,"kos":true,"ع":true,"ف":true,"ه":true,"ص":true,"چ":true,"fuck":true,"ی":true,"fucker":true,"س":true,"kun":true,"bug":true,"د":true,"ض\n/block ص\n/block ث\n/block ق\n/block ف\n/block غ\n/block ع\n/block ه\n/block خ\n/block ح\n/block ج\n/block چ\n/block ش\n/block س\n/block ی\n/block ب\n/block ل\n/block ا\n/block ت\n/block ن\n/block م\n/block ک\n/block گ\n/block \n/block \n/block":true,"ح":true,"خ\n/block ح\n/block ج\n/block چ\n/block ش\n/block س\n/block ی\n/block ب\n/block ل\n/block ا\n/block ت\n/block ن":true},"settings":{"lock_file":"yes","lock_sticker":"yes","lock_photo":"no","lock_image":"yes","lock_link":"yes","lock_bot":"yes","lock_member":"no","lock_talk":"no","set_name":"Telegram Bot |En| Only Support#1","lock_inviteme":"no","lock_name":"no"},"link":"https://telegram.me/joinchat/CYWT1jw954ubiUnL2mzRyw","group_type":"channel","moderators":{"118682430":"creed_is_dead","119989724":"Shahabambesik","109722284":"ArashInfernal","91054649":"IRANSPM_ADMIN","177958856":"InfernalTG"},"rules":"in the Name of TG😎\nhi all welcome to @BotTG support ⛷\nRemember just English 🔴\nJust Talk About @BotTG 😋\nLeaders : @ArashInfernal & @Creed_Is_Dead\nMaster Sudo : @Mustafaflux \nGood Lock ...‼️\n@DevArab"},"1017060173":{"moderators":{},"group_type":"channel","blocked_words":{"spams":true},"settings":{"lock_file":"no","lock_sticker":"no","lock_photo":"no","lock_image":"no","lock_link":"no","lock_bot":"yes","lock_member":"no","lock_talk":"no","set_name":"BotDebug SG","lock_inviteme":"no","lock_name":"no"}},"107714902":{"moderators":[],"blocked_words":[],"link":"https://telegram.me/joinchat/CYWT1gZrmVbOhEb9GTQxwg","group_type":"chat","settings":{"lock_file":"no","lock_sticker":"no","lock_photo":"no","lock_image":"no","lock_link":"no","lock_bot":"yes","lock_member":"no","lock_talk":"no","set_name":"ايان","lock_inviteme":"no","lock_name":"no"}},"87820257":{"moderators":[],"group_type":"chat","blocked_words":[],"settings":{"lock_file":"no","lock_sticker":"no","lock_photo":"no","lock_image":"no","lock_link":"no","lock_bot":"yes","lock_member":"no","lock_talk":"no","set_name":".ّّن","lock_inviteme":"no","lock_name":"no"}},"1012307470":{"moderators":[],"group_type":"channel","blocked_words":[],"settings":{"lock_file":"no","lock_sticker":"no","lock_photo":"no","lock_image":"no","lock_link":"no","lock_bot":"yes","lock_member":"no","lock_talk":"no","set_name":"Telegram Group","lock_inviteme":"no","lock_name":"no"}},"1014759527":{"description":"This is supergroup description","blocked_words":[],"settings":{"lock_file":"no","lock_sticker":"no","lock_photo":"no","lock_image":"no","lock_link":"no","lock_bot":"yes","lock_member":"no","lock_talk":"no","set_name":"Developer BotTG#1","lock_inviteme":"no","lock_name":"no"},"group_type":"channel","moderators":{},"rules":"%"}}